{
  "bf16": {
    "ttft_ms": {
      "1": 198.73029203154147,
      "5": 17557.033999997657,
      "10": 38068.76766704954
    },
    "throughput_tps": {
      "1": 26.66987605440662,
      "5": 12.6216561817242,
      "10": 7.226399950941562
    },
    "vram_mb": 0
  }
}