{
  "xgrammar": {
    "simple_json": {
      "ttft_p50": 221.52810916304588,
      "throughput_p50": 31.633224839723542,
      "validity_rate": 1.0,
      "avg_retries": 0.0
    },
    "nested_object": {
      "ttft_p50": 227.9343195259571,
      "throughput_p50": 36.83820536691444,
      "validity_rate": 1.0,
      "avg_retries": 0.0
    },
    "function_call": {
      "ttft_p50": 230.098694562912,
      "throughput_p50": 30.987213279787888,
      "validity_rate": 1.0,
      "avg_retries": 0.0
    }
  },
  "outlines": {
    "simple_json": {
      "ttft_p50": 214.32394161820412,
      "throughput_p50": 31.601941590985266,
      "validity_rate": 1.0,
      "avg_retries": 0.0
    },
    "nested_object": {
      "ttft_p50": 196.47594168782234,
      "throughput_p50": 36.94992298460365,
      "validity_rate": 1.0,
      "avg_retries": 0.0
    },
    "function_call": {
      "ttft_p50": 230.9279665350914,
      "throughput_p50": 30.783168148663524,
      "validity_rate": 1.0,
      "avg_retries": 0.0
    }
  },
  "unconstrained": {
    "simple_json": {
      "ttft_p50": 213.6738784611225,
      "throughput_p50": 31.56871164021035,
      "validity_rate": 1.0,
      "avg_retries": 0.0
    },
    "nested_object": {
      "ttft_p50": 217.15796366333961,
      "throughput_p50": 36.906446030330535,
      "validity_rate": 1.0,
      "avg_retries": 0.0
    },
    "function_call": {
      "ttft_p50": 217.73356571793556,
      "throughput_p50": 31.22074849192369,
      "validity_rate": 1.0,
      "avg_retries": 0.0
    }
  }
}