{
  "baseline": {
    "1": {
      "ttft_p50": 38671.18966701673,
      "ttft_p95": 87522.43166702101,
      "throughput_p50": 5.564413806021364,
      "count": 9
    },
    "5": {
      "ttft_p50": 42899.53245798824,
      "ttft_p95": 97595.00183304772,
      "throughput_p50": 5.072157314850397,
      "count": 9
    },
    "10": {
      "ttft_p50": 43914.01145904092,
      "ttft_p95": 97711.3549580099,
      "throughput_p50": 5.048123818484579,
      "count": 9
    }
  }
}