{
  "baseline": {
    "1": {
      "ttft_p50": 40378.48515342921,
      "ttft_p95": 62432.711894623935,
      "throughput_p50": 4.934559720641705,
      "count": 50
    },
    "5": {
      "ttft_p50": 136.08565274626017,
      "ttft_p95": 159.48811639100313,
      "throughput_p50": 30.83786629260032,
      "count": 50
    },
    "10": {
      "ttft_p50": 135.40526572614908,
      "ttft_p95": 186.2092763185501,
      "throughput_p50": 29.482321645556205,
      "count": 50
    },
    "25": {
      "ttft_p50": 139.9172656238079,
      "ttft_p95": 186.4147474989295,
      "throughput_p50": 28.7135667846458,
      "count": 50
    },
    "50": {
      "ttft_p50": 165.70572461932898,
      "ttft_p95": 208.07168167084455,
      "throughput_p50": 29.0981646720478,
      "count": 50
    }
  },
  "ngram": {
    "1": {
      "ttft_p50": 118.12870763242245,
      "ttft_p95": 727.8146874159575,
      "throughput_p50": 26.070144059945214,
      "count": 50
    },
    "5": {
      "ttft_p50": 126.96106359362602,
      "ttft_p95": 177.838284522295,
      "throughput_p50": 18.854437985440264,
      "count": 50
    },
    "10": {
      "ttft_p50": 132.83863756805658,
      "ttft_p95": 162.6387108117342,
      "throughput_p50": 17.426995046158023,
      "count": 50
    },
    "25": {
      "ttft_p50": 106.51834215968847,
      "ttft_p95": 364.3751246854663,
      "throughput_p50": 16.17278351206833,
      "count": 50
    },
    "50": {
      "ttft_p50": 118.9177269116044,
      "ttft_p95": 165.47129955142736,
      "throughput_p50": 16.11532964609317,
      "count": 50
    }
  },
  "mtp": {
    "1": {
      "ttft_p50": 138.73745501041412,
      "ttft_p95": 928.6514641717076,
      "throughput_p50": 31.86699742132491,
      "count": 50
    },
    "5": {
      "ttft_p50": 142.54987612366676,
      "ttft_p95": 190.89704286307096,
      "throughput_p50": 25.18255031856472,
      "count": 50
    },
    "10": {
      "ttft_p50": 138.16404063254595,
      "ttft_p95": 232.96908475458622,
      "throughput_p50": 23.30676319975988,
      "count": 50
    },
    "25": {
      "ttft_p50": 152.6018213480711,
      "ttft_p95": 385.02607960253954,
      "throughput_p50": 22.135796555809264,
      "count": 50
    },
    "50": {
      "ttft_p50": 164.69617746770382,
      "ttft_p95": 421.6545941308141,
      "throughput_p50": 21.45991193831504,
      "count": 50
    }
  }
}