{
  "shared_system_prompt": {
    "caching_off": {
      "count": 100,
      "caching": false,
      "ttft_p50": 251.24254170805216,
      "ttft_p95": 416.66789073497057,
      "ttft_mean": 261.10600342974067,
      "throughput_p50": 35.55210378282782
    },
    "caching_on": {
      "count": 100,
      "caching": true,
      "ttft_p50": 247.94131610542536,
      "ttft_p95": 349.0073699504137,
      "ttft_mean": 246.20971131138504,
      "throughput_p50": 35.6122368065067
    }
  }
}